year,Nationality,region,order,dist.class,Moran.correlog,p.value,p.value.sig,red.dots,links,class.links,sig
1981,Total,Andalusia,Total Birth Order,18386.03437,0.284330176,5.08e-11,1,1,1310,>500,TRUE
1981,Total,Andalusia,Total Birth Order,50703.71587,0.185147663,5.3e-13,1,1,3032,>500,TRUE
1981,Total,Andalusia,Total Birth Order,83021.39737,0.099819903,5.56e-7,1,1,4054,>500,TRUE
1981,Total,Andalusia,Total Birth Order,115339.0789,0.059285647,5.29153e-4,1,1,4536,>500,TRUE
1981,Total,Andalusia,Total Birth Order,147656.7604,8.59413e-4,0.37151159,1,1,4302,>500,TRUE
1981,Total,Andalusia,Total Birth Order,179974.4419,-0.097567379,0.99997475,0,NA,3528,>500,FALSE
1981,Total,Andalusia,Total Birth Order,212292.1234,-0.103854651,0.999943252,0,NA,2956,>500,FALSE
1981,Total,Andalusia,Total Birth Order,244609.8049,-0.118115212,0.999917426,0,NA,2244,>500,FALSE
1981,Total,Andalusia,Total Birth Order,276927.4864,-0.087625633,0.97947529,0,NA,1588,>500,FALSE
1981,Total,Andalusia,Total Birth Order,309245.1679,-0.069793857,0.917568871,0,NA,1144,>500,FALSE
1981,Total,Andalusia,Total Birth Order,341562.8494,-0.086191928,0.917740082,0,NA,748,>500,FALSE
1981,Total,Andalusia,Total Birth Order,373880.5309,-0.117691655,0.918355621,0,NA,396,101 to 500,FALSE
1981,Total,Andalusia,Total Birth Order,406198.2124,0.120705435,0.084484012,1,1,164,101 to 500,TRUE
1981,Total,Andalusia,Total Birth Order,438515.8939,-0.150258487,0.739965635,0,NA,78,21 to 100,FALSE
1981,Total,Andalusia,Total Birth Order,470833.5754,0.203942404,0.108527363,1,1,22,21 to 100,TRUE
1991,Total,Andalusia,Total Birth Order,18386.03437,0.158402239,7.43e-5,1,1,NA,>500,TRUE
1991,Total,Andalusia,Total Birth Order,50703.71587,0.071731246,0.001455291,1,1,NA,>500,TRUE
1991,Total,Andalusia,Total Birth Order,83021.39737,-0.048236569,0.978796256,0,NA,NA,>500,FALSE
1991,Total,Andalusia,Total Birth Order,115339.0789,-0.064969956,0.998961035,0,NA,NA,>500,FALSE
1991,Total,Andalusia,Total Birth Order,147656.7604,-0.033039413,0.91934688,0,NA,NA,>500,FALSE
1991,Total,Andalusia,Total Birth Order,179974.4419,-0.013293397,0.635814541,0,NA,NA,>500,FALSE
1991,Total,Andalusia,Total Birth Order,212292.1234,-0.011176047,0.588175884,0,NA,NA,>500,FALSE
1991,Total,Andalusia,Total Birth Order,244609.8049,0.003947572,0.368726367,0,NA,NA,>500,FALSE
1991,Total,Andalusia,Total Birth Order,276927.4864,0.015637309,0.287516085,0,NA,NA,>500,FALSE
1991,Total,Andalusia,Total Birth Order,309245.1679,-0.021414461,0.62730918,0,NA,NA,>500,FALSE
1991,Total,Andalusia,Total Birth Order,341562.8494,-0.012522911,0.522987108,0,NA,NA,>500,FALSE
1991,Total,Andalusia,Total Birth Order,373880.5309,-0.031350353,0.601031941,0,NA,NA,101 to 500,FALSE
1991,Total,Andalusia,Total Birth Order,406198.2124,0.048703737,0.225568325,0,NA,NA,101 to 500,FALSE
1991,Total,Andalusia,Total Birth Order,438515.8939,-0.072657375,0.556406124,0,NA,NA,21 to 100,FALSE
1991,Total,Andalusia,Total Birth Order,470833.5754,-0.195284084,0.606119609,0,NA,NA,21 to 100,FALSE
2001,Total,Andalusia,Total Birth Order,18386.03437,0.057389145,0.077121687,0,NA,NA,>500,FALSE
2001,Total,Andalusia,Total Birth Order,50703.71587,-0.021278879,0.72053444,0,NA,NA,>500,FALSE
2001,Total,Andalusia,Total Birth Order,83021.39737,-4.89211e-4,0.403765361,0,NA,NA,>500,FALSE
2001,Total,Andalusia,Total Birth Order,115339.0789,0.014342914,0.154324323,0,NA,NA,>500,FALSE
2001,Total,Andalusia,Total Birth Order,147656.7604,0.004502291,0.304455332,0,NA,NA,>500,FALSE
2001,Total,Andalusia,Total Birth Order,179974.4419,-0.061322836,0.993600527,0,NA,NA,>500,FALSE
2001,Total,Andalusia,Total Birth Order,212292.1234,0.062466372,0.003290507,1,1,NA,>500,TRUE
2001,Total,Andalusia,Total Birth Order,244609.8049,0.026120911,0.140250239,0,NA,NA,>500,FALSE
2001,Total,Andalusia,Total Birth Order,276927.4864,-0.067240142,0.93820656,0,NA,NA,>500,FALSE
2001,Total,Andalusia,Total Birth Order,309245.1679,-0.061961869,0.889878152,0,NA,NA,>500,FALSE
2001,Total,Andalusia,Total Birth Order,341562.8494,-0.06400758,0.840079311,0,NA,NA,>500,FALSE
2001,Total,Andalusia,Total Birth Order,373880.5309,0.069589303,0.131243966,0,NA,NA,101 to 500,FALSE
2001,Total,Andalusia,Total Birth Order,406198.2124,-0.039708493,0.55719647,0,NA,NA,101 to 500,FALSE
2001,Total,Andalusia,Total Birth Order,438515.8939,-0.196584993,0.82641102,0,NA,NA,21 to 100,FALSE
2001,Total,Andalusia,Total Birth Order,470833.5754,-0.297339835,0.777803634,0,NA,NA,21 to 100,FALSE
2011,Total,Andalusia,Total Birth Order,18386.03437,0.216101747,2.92e-7,1,1,NA,>500,TRUE
2011,Total,Andalusia,Total Birth Order,50703.71587,0.018573518,0.181287618,1,1,NA,>500,TRUE
2011,Total,Andalusia,Total Birth Order,83021.39737,-0.012767641,0.628662304,0,NA,NA,>500,FALSE
2011,Total,Andalusia,Total Birth Order,115339.0789,-0.067929597,0.999191223,0,NA,NA,>500,FALSE
2011,Total,Andalusia,Total Birth Order,147656.7604,-0.019491528,0.754528123,0,NA,NA,>500,FALSE
2011,Total,Andalusia,Total Birth Order,179974.4419,-0.061297106,0.993505578,0,NA,NA,>500,FALSE
2011,Total,Andalusia,Total Birth Order,212292.1234,-0.023022734,0.754489485,0,NA,NA,>500,FALSE
2011,Total,Andalusia,Total Birth Order,244609.8049,-0.02643041,0.758385045,0,NA,NA,>500,FALSE
2011,Total,Andalusia,Total Birth Order,276927.4864,0.058273776,0.052817135,1,1,NA,>500,TRUE
2011,Total,Andalusia,Total Birth Order,309245.1679,0.073541674,0.033897845,1,1,NA,>500,TRUE
2011,Total,Andalusia,Total Birth Order,341562.8494,0.105970928,0.01763996,1,1,NA,>500,TRUE
2011,Total,Andalusia,Total Birth Order,373880.5309,0.331906565,1.67e-6,1,1,NA,101 to 500,TRUE
2011,Total,Andalusia,Total Birth Order,406198.2124,0.029936435,0.305803481,1,1,NA,101 to 500,TRUE
2011,Total,Andalusia,Total Birth Order,438515.8939,-0.287753005,0.931064166,0,NA,NA,21 to 100,FALSE
2011,Total,Andalusia,Total Birth Order,470833.5754,-0.643214617,0.978548841,0,NA,NA,21 to 100,FALSE
1981,Total,Catalonia,Total Birth Order,12446.50352,0.433669004,1.16e-15,1,1,1630,>500,TRUE
1981,Total,Catalonia,Total Birth Order,32985.40565,0.06053161,0.035260988,1,1,2266,>500,TRUE
1981,Total,Catalonia,Total Birth Order,53524.30779,0.010210502,0.29090636,1,1,2210,>500,TRUE
1981,Total,Catalonia,Total Birth Order,74063.20992,-0.081921683,0.992732503,0,NA,2052,>500,FALSE
1981,Total,Catalonia,Total Birth Order,94602.11205,-0.145457253,0.999995201,0,NA,1896,>500,FALSE
1981,Total,Catalonia,Total Birth Order,115141.0142,-0.141109432,0.99983282,0,NA,1358,>500,FALSE
1981,Total,Catalonia,Total Birth Order,135679.9163,-0.091090107,0.97492822,0,NA,1088,>500,FALSE
1981,Total,Catalonia,Total Birth Order,156218.8184,-0.002812769,0.456519251,1,1,776,>500,TRUE
1981,Total,Catalonia,Total Birth Order,176757.7206,-0.190601978,0.995949673,0,NA,454,101 to 500,FALSE
1981,Total,Catalonia,Total Birth Order,197296.6227,-0.287398603,0.998427891,0,NA,258,101 to 500,FALSE
1981,Total,Catalonia,Total Birth Order,217835.5248,-0.229323061,0.964400792,0,NA,146,101 to 500,FALSE
1981,Total,Catalonia,Total Birth Order,238374.427,-0.30639796,0.958974172,0,NA,84,21 to 100,FALSE
1981,Total,Catalonia,Total Birth Order,258913.3291,0.054349289,0.258689369,1,1,46,21 to 100,TRUE
1981,Total,Catalonia,Total Birth Order,279452.2312,-0.313475403,0.743850266,0,NA,16,1 to 20,FALSE
1991,Total,Catalonia,Total Birth Order,11501.01848,0.203730584,1.06419e-4,1,1,NA,>500,TRUE
1991,Total,Catalonia,Total Birth Order,32109.95654,0.167800284,1.66e-6,1,1,NA,>500,TRUE
1991,Total,Catalonia,Total Birth Order,52718.8946,0.093435596,9.67626e-4,1,1,NA,>500,TRUE
1991,Total,Catalonia,Total Birth Order,73327.83267,0.030657818,0.092006098,0,NA,NA,>500,FALSE
1991,Total,Catalonia,Total Birth Order,93936.77073,-0.065042093,0.967610132,0,NA,NA,>500,FALSE
1991,Total,Catalonia,Total Birth Order,114545.7088,-0.016795986,0.591315229,0,NA,NA,>500,FALSE
1991,Total,Catalonia,Total Birth Order,135154.6469,-0.096401858000000007,0.983061261,0,NA,NA,>500,FALSE
1991,Total,Catalonia,Total Birth Order,155763.5849,-0.152355818,0.997616447,0,NA,NA,>500,FALSE
1991,Total,Catalonia,Total Birth Order,176372.523,-0.091992922,0.888486069,0,NA,NA,101 to 500,FALSE
1991,Total,Catalonia,Total Birth Order,196981.461,-0.160686243,0.945447562,0,NA,NA,101 to 500,FALSE
1991,Total,Catalonia,Total Birth Order,217590.3991,-0.067945156,0.649230243,0,NA,NA,101 to 500,FALSE
1991,Total,Catalonia,Total Birth Order,238199.3372,-0.043352246999999997,0.509337453,0,NA,NA,21 to 100,FALSE
1991,Total,Catalonia,Total Birth Order,258808.2752,-0.165775151,0.674972839,0,NA,NA,21 to 100,FALSE
1991,Total,Catalonia,Total Birth Order,279417.2133,0.048854923,0.274575441,0,NA,NA,1 to 20,FALSE
2001,Total,Catalonia,Total Birth Order,11501.01848,0.144193666,0.003570401,1,1,NA,>500,TRUE
2001,Total,Catalonia,Total Birth Order,32109.95654,0.092540864,0.003687545,1,1,NA,>500,TRUE
2001,Total,Catalonia,Total Birth Order,52718.8946,0.043208046,0.056898541,0,NA,NA,>500,FALSE
2001,Total,Catalonia,Total Birth Order,73327.83267,-0.006676731,0.477359589,0,NA,NA,>500,FALSE
2001,Total,Catalonia,Total Birth Order,93936.77073,0.008859081,0.28663657,0,NA,NA,>500,FALSE
2001,Total,Catalonia,Total Birth Order,114545.7088,-0.078205521,0.972445001,0,NA,NA,>500,FALSE
2001,Total,Catalonia,Total Birth Order,135154.6469,-0.100477938,0.987210824,0,NA,NA,>500,FALSE
2001,Total,Catalonia,Total Birth Order,155763.5849,-0.054601714,0.81906804,0,NA,NA,>500,FALSE
2001,Total,Catalonia,Total Birth Order,176372.523,-0.054689195,0.746226833,0,NA,NA,101 to 500,FALSE
2001,Total,Catalonia,Total Birth Order,196981.461,-0.107262318,0.845579184,0,NA,NA,101 to 500,FALSE
2001,Total,Catalonia,Total Birth Order,217590.3991,0.047399387,0.270032812,0,NA,NA,101 to 500,FALSE
2001,Total,Catalonia,Total Birth Order,238199.3372,-0.148572072,0.782680546,0,NA,NA,21 to 100,FALSE
2001,Total,Catalonia,Total Birth Order,258808.2752,0.133346159,0.11683344700000001,0,NA,NA,21 to 100,FALSE
2001,Total,Catalonia,Total Birth Order,279417.2133,-0.103934462,0.468244021,0,NA,NA,1 to 20,FALSE
2011,Total,Catalonia,Total Birth Order,11501.01848,0.068885718,0.085698062,1,1,NA,>500,TRUE
2011,Total,Catalonia,Total Birth Order,32109.95654,0.083524043,0.007300688,1,1,NA,>500,TRUE
2011,Total,Catalonia,Total Birth Order,52718.8946,0.046172378,0.047128251,1,1,NA,>500,TRUE
2011,Total,Catalonia,Total Birth Order,73327.83267,0.032277528,0.081779877,1,1,NA,>500,TRUE
2011,Total,Catalonia,Total Birth Order,93936.77073,-0.054058826,0.933104698,0,NA,NA,>500,FALSE
2011,Total,Catalonia,Total Birth Order,114545.7088,-0.014181001,0.563819344,0,NA,NA,>500,FALSE
2011,Total,Catalonia,Total Birth Order,135154.6469,-0.012585301,0.541061199,0,NA,NA,>500,FALSE
2011,Total,Catalonia,Total Birth Order,155763.5849,0.055553882,0.103820559,1,1,NA,>500,TRUE
2011,Total,Catalonia,Total Birth Order,176372.523,0.016006572,0.342473388,1,1,NA,101 to 500,TRUE
2011,Total,Catalonia,Total Birth Order,196981.461,-0.115243798,0.86802727,0,NA,NA,101 to 500,FALSE
2011,Total,Catalonia,Total Birth Order,217590.3991,-0.022528485,0.497469337,1,1,NA,101 to 500,TRUE
2011,Total,Catalonia,Total Birth Order,238199.3372,-0.115140915,0.706627979,0,NA,NA,21 to 100,FALSE
2011,Total,Catalonia,Total Birth Order,258808.2752,-0.149658792,0.638629065,0,NA,NA,21 to 100,FALSE
2011,Total,Catalonia,Total Birth Order,279417.2133,-0.238614559,0.651198315,0,NA,NA,1 to 20,FALSE
1981,Total,Canary Islands,Total Birth Order,22431.96681,0.291322333,5.40992e-4,1,1,286,101 to 500,TRUE
1981,Total,Canary Islands,Total Birth Order,61037.60025,0.032172779,0.319188076,1,1,68,21 to 100,TRUE
1981,Total,Canary Islands,Total Birth Order,99643.23369,0.042829713,0.152611428,1,1,282,101 to 500,TRUE
1981,Total,Canary Islands,Total Birth Order,138248.8671,-0.261357805,0.972717547,0,NA,156,101 to 500,FALSE
1981,Total,Canary Islands,Total Birth Order,176854.5006,-5.06045e-4,0.386944981,1,1,36,21 to 100,TRUE
1981,Total,Canary Islands,Total Birth Order,215460.134,0.233433062,0.035141936,1,1,78,21 to 100,TRUE
1981,Total,Canary Islands,Total Birth Order,254065.7675,0.270602198,0.020374195,1,1,76,21 to 100,TRUE
1981,Total,Canary Islands,Total Birth Order,292671.4009,-0.036577834,0.358696278,1,1,36,21 to 100,TRUE
1981,Total,Canary Islands,Total Birth Order,331277.0343,-0.663590297,0.931012564,0,NA,16,1 to 20,FALSE
1981,Total,Canary Islands,Total Birth Order,369882.6678,-0.949435619,0.969681658,0,NA,10,1 to 20,FALSE
1981,Total,Canary Islands,Total Birth Order,408488.3012,-0.974431132,0.990714925,0,NA,12,1 to 20,FALSE
1991,Total,Canary Islands,Total Birth Order,22431.96681,0.235585837,0.00347018,1,1,NA,101 to 500,TRUE
1991,Total,Canary Islands,Total Birth Order,61037.60025,-0.166150288,0.753201152,0,NA,NA,21 to 100,FALSE
1991,Total,Canary Islands,Total Birth Order,99643.23369,0.161147618,0.005032624,1,1,NA,101 to 500,TRUE
1991,Total,Canary Islands,Total Birth Order,138248.8671,-0.043119467,0.532771001,0,NA,NA,101 to 500,FALSE
1991,Total,Canary Islands,Total Birth Order,176854.5006,0.495344242,0.003603725,1,1,NA,21 to 100,TRUE
1991,Total,Canary Islands,Total Birth Order,215460.134,-0.114323012,0.666774112,0,NA,NA,21 to 100,FALSE
1991,Total,Canary Islands,Total Birth Order,254065.7675,-0.154940625,0.785175794,0,NA,NA,21 to 100,FALSE
1991,Total,Canary Islands,Total Birth Order,292671.4009,-0.228072608,0.828758003,0,NA,NA,21 to 100,FALSE
1991,Total,Canary Islands,Total Birth Order,331277.0343,-0.085263622,0.420249109,0,NA,NA,1 to 20,FALSE
1991,Total,Canary Islands,Total Birth Order,369882.6678,-0.835136717,0.946874724,0,NA,NA,1 to 20,FALSE
1991,Total,Canary Islands,Total Birth Order,408488.3012,-0.968947905,0.991581212,0,NA,NA,1 to 20,FALSE
2001,Total,Canary Islands,Total Birth Order,22431.96681,0.075832919,0.121861367,0,NA,NA,101 to 500,FALSE
2001,Total,Canary Islands,Total Birth Order,61037.60025,0.066541227,0.232083088,0,NA,NA,21 to 100,FALSE
2001,Total,Canary Islands,Total Birth Order,99643.23369,0.004062607,0.295526458,0,NA,NA,101 to 500,FALSE
2001,Total,Canary Islands,Total Birth Order,138248.8671,0.123174913,0.082841855,0,NA,NA,101 to 500,FALSE
2001,Total,Canary Islands,Total Birth Order,176854.5006,0.010502647,0.36727169,0,NA,NA,21 to 100,FALSE
2001,Total,Canary Islands,Total Birth Order,215460.134,-0.014771194,0.414858996,0,NA,NA,21 to 100,FALSE
2001,Total,Canary Islands,Total Birth Order,254065.7675,-0.143588429,0.772170956,0,NA,NA,21 to 100,FALSE
2001,Total,Canary Islands,Total Birth Order,292671.4009,-0.148263815,0.644199146,0,NA,NA,21 to 100,FALSE
2001,Total,Canary Islands,Total Birth Order,331277.0343,-0.577114338,0.895482705,0,NA,NA,1 to 20,FALSE
2001,Total,Canary Islands,Total Birth Order,369882.6678,-0.924517197,0.966266839,0,NA,NA,1 to 20,FALSE
2001,Total,Canary Islands,Total Birth Order,408488.3012,-0.825965513,0.975021092,0,NA,NA,1 to 20,FALSE
2011,Total,Canary Islands,Total Birth Order,22431.96681,0.005587181,0.352811234,1,1,NA,101 to 500,TRUE
2011,Total,Canary Islands,Total Birth Order,61037.60025,-0.213175941,0.813247574,0,NA,NA,21 to 100,FALSE
2011,Total,Canary Islands,Total Birth Order,99643.23369,-0.00670793,0.362675523,1,1,NA,101 to 500,TRUE
2011,Total,Canary Islands,Total Birth Order,138248.8671,0.022603141,0.324285981,1,1,NA,101 to 500,TRUE
2011,Total,Canary Islands,Total Birth Order,176854.5006,-0.251082182,0.822291384,0,NA,NA,21 to 100,FALSE
2011,Total,Canary Islands,Total Birth Order,215460.134,0.025022554,0.320876394,1,1,NA,21 to 100,TRUE
2011,Total,Canary Islands,Total Birth Order,254065.7675,-0.152020708,0.773770097,0,NA,NA,21 to 100,FALSE
2011,Total,Canary Islands,Total Birth Order,292671.4009,-0.071553456,0.447150389,1,1,NA,21 to 100,TRUE
2011,Total,Canary Islands,Total Birth Order,331277.0343,-0.182904896,0.548305768,0,NA,NA,1 to 20,FALSE
2011,Total,Canary Islands,Total Birth Order,369882.6678,-0.667751815,0.903650054,0,NA,NA,1 to 20,FALSE
2011,Total,Canary Islands,Total Birth Order,408488.3012,-0.320762239,0.60202852,0,NA,NA,1 to 20,FALSE
1981,Total,Valencian Comm.,Total Birth Order,12089.02623,0.019794778,0.288561429,1,1,1102,>500,TRUE
1981,Total,Valencian Comm.,Total Birth Order,33286.67273,0.083611752,0.009176623,1,1,1496,>500,TRUE
1981,Total,Valencian Comm.,Total Birth Order,54484.31923,0.01476235,0.237937729,1,1,1638,>500,TRUE
1981,Total,Valencian Comm.,Total Birth Order,75681.96573,-0.028826422,0.706268084,0,NA,1504,>500,FALSE
1981,Total,Valencian Comm.,Total Birth Order,96879.61223,0.034746887,0.121424799,1,1,1268,>500,TRUE
1981,Total,Valencian Comm.,Total Birth Order,118077.2587,-0.056662333,0.861833901,0,NA,1032,>500,FALSE
1981,Total,Valencian Comm.,Total Birth Order,139274.9052,0.072694103,0.061199658999999997,1,1,770,>500,TRUE
1981,Total,Valencian Comm.,Total Birth Order,160472.5517,-0.071947901,0.82717131,0,NA,530,>500,FALSE
1981,Total,Valencian Comm.,Total Birth Order,181670.1982,-0.061021592,0.717000432,0,NA,308,101 to 500,FALSE
1981,Total,Valencian Comm.,Total Birth Order,202867.8447,-0.07079873,0.686734246,0,NA,192,101 to 500,FALSE
1981,Total,Valencian Comm.,Total Birth Order,224065.4912,-0.065161263,0.60837686,0,NA,120,101 to 500,FALSE
1981,Total,Valencian Comm.,Total Birth Order,245263.1377,-0.307126002,0.940340412,0,NA,66,21 to 100,FALSE
1981,Total,Valencian Comm.,Total Birth Order,266460.7842,0.017875644,0.330685171,1,1,46,21 to 100,TRUE
1981,Total,Valencian Comm.,Total Birth Order,287658.4307,-0.560616404,0.978190343,0,NA,28,21 to 100,FALSE
1991,Total,Valencian Comm.,Total Birth Order,12089.02623,0.327479629,2.54e-10,1,1,NA,>500,TRUE
1991,Total,Valencian Comm.,Total Birth Order,33286.67273,0.308028685,7.04e-16,1,1,NA,>500,TRUE
1991,Total,Valencian Comm.,Total Birth Order,54484.31923,0.11921657,1.04592e-4,1,1,NA,>500,TRUE
1991,Total,Valencian Comm.,Total Birth Order,75681.96573,1.03425e-4,0.385849607,0,NA,NA,>500,FALSE
1991,Total,Valencian Comm.,Total Birth Order,96879.61223,-0.036937938,0.758242256,0,NA,NA,>500,FALSE
1991,Total,Valencian Comm.,Total Birth Order,118077.2587,-0.105275396,0.986621877,0,NA,NA,>500,FALSE
1991,Total,Valencian Comm.,Total Birth Order,139274.9052,-0.312838701,0.99999999,0,NA,NA,>500,FALSE
1991,Total,Valencian Comm.,Total Birth Order,160472.5517,-0.290496082,0.999990526,0,NA,NA,>500,FALSE
1991,Total,Valencian Comm.,Total Birth Order,181670.1982,-0.247464062,0.997591567,0,NA,NA,101 to 500,FALSE
1991,Total,Valencian Comm.,Total Birth Order,202867.8447,0.032553727,0.308057231,0,NA,NA,101 to 500,FALSE
1991,Total,Valencian Comm.,Total Birth Order,224065.4912,-0.223638727,0.934054746,0,NA,NA,101 to 500,FALSE
1991,Total,Valencian Comm.,Total Birth Order,245263.1377,-0.460363236,0.994314393,0,NA,NA,21 to 100,FALSE
1991,Total,Valencian Comm.,Total Birth Order,266460.7842,-0.668609839,0.999261449,0,NA,NA,21 to 100,FALSE
1991,Total,Valencian Comm.,Total Birth Order,287658.4307,-0.775255375,0.999098725,0,NA,NA,21 to 100,FALSE
2001,Total,Valencian Comm.,Total Birth Order,12089.02623,0.117394576,0.008787947,1,1,NA,>500,TRUE
2001,Total,Valencian Comm.,Total Birth Order,33286.67273,-0.014373732,0.544064343,0,NA,NA,>500,FALSE
2001,Total,Valencian Comm.,Total Birth Order,54484.31923,-0.008289369,0.480272697,0,NA,NA,>500,FALSE
2001,Total,Valencian Comm.,Total Birth Order,75681.96573,-0.041932429,0.822319043,0,NA,NA,>500,FALSE
2001,Total,Valencian Comm.,Total Birth Order,96879.61223,0.036103661,0.113398761,0,NA,NA,>500,FALSE
2001,Total,Valencian Comm.,Total Birth Order,118077.2587,-0.036059218,0.729280463,0,NA,NA,>500,FALSE
2001,Total,Valencian Comm.,Total Birth Order,139274.9052,-0.082205239,0.910988634,0,NA,NA,>500,FALSE
2001,Total,Valencian Comm.,Total Birth Order,160472.5517,-0.012235067,0.511163171,0,NA,NA,>500,FALSE
2001,Total,Valencian Comm.,Total Birth Order,181670.1982,-0.007484084,0.469823102,0,NA,NA,101 to 500,FALSE
2001,Total,Valencian Comm.,Total Birth Order,202867.8447,0.097069687,0.12846602,0,NA,NA,101 to 500,FALSE
2001,Total,Valencian Comm.,Total Birth Order,224065.4912,0.071166065,0.211063061,0,NA,NA,101 to 500,FALSE
2001,Total,Valencian Comm.,Total Birth Order,245263.1377,-0.153313634,0.750070378,0,NA,NA,21 to 100,FALSE
2001,Total,Valencian Comm.,Total Birth Order,266460.7842,-0.311531051,0.905487968,0,NA,NA,21 to 100,FALSE
2001,Total,Valencian Comm.,Total Birth Order,287658.4307,-0.381150678,0.897861158,0,NA,NA,21 to 100,FALSE
2011,Total,Valencian Comm.,Total Birth Order,12089.02623,0.170856742,3.9698e-4,1,1,NA,>500,TRUE
2011,Total,Valencian Comm.,Total Birth Order,33286.67273,0.044665283,0.083809041,1,1,NA,>500,TRUE
2011,Total,Valencian Comm.,Total Birth Order,54484.31923,0.021731406,0.179997676,1,1,NA,>500,TRUE
2011,Total,Valencian Comm.,Total Birth Order,75681.96573,-0.173997481,0.999998905,0,NA,NA,>500,FALSE
2011,Total,Valencian Comm.,Total Birth Order,96879.61223,-0.066699853,0.930930319,0,NA,NA,>500,FALSE
2011,Total,Valencian Comm.,Total Birth Order,118077.2587,0.025202212,0.205298966,1,1,NA,>500,TRUE
2011,Total,Valencian Comm.,Total Birth Order,139274.9052,-0.040589472,0.714614531,0,NA,NA,>500,FALSE
2011,Total,Valencian Comm.,Total Birth Order,160472.5517,0.044372853,0.200083525,1,1,NA,>500,TRUE
2011,Total,Valencian Comm.,Total Birth Order,181670.1982,-0.117710895,0.89588932,0,NA,NA,101 to 500,FALSE
2011,Total,Valencian Comm.,Total Birth Order,202867.8447,-0.030740461,0.540933581,0,NA,NA,101 to 500,FALSE
2011,Total,Valencian Comm.,Total Birth Order,224065.4912,-0.06367385,0.604717038,0,NA,NA,101 to 500,FALSE
2011,Total,Valencian Comm.,Total Birth Order,245263.1377,-0.193499901,0.809357806,0,NA,NA,21 to 100,FALSE
2011,Total,Valencian Comm.,Total Birth Order,266460.7842,0.060573578,0.25458219,1,1,NA,21 to 100,TRUE
2011,Total,Valencian Comm.,Total Birth Order,287658.4307,0.055561308,0.201158751,1,1,NA,21 to 100,TRUE
1981,Total,Extremadura,Total Birth Order,22529.14273,0.384754023,0.002558718,1,1,108,101 to 500,TRUE
1981,Total,Extremadura,Total Birth Order,43508.75059,0.154193824,0.0359407,1,1,206,101 to 500,TRUE
1981,Total,Extremadura,Total Birth Order,64488.35845,-0.022866531,0.488654008,1,1,208,101 to 500,TRUE
1981,Total,Extremadura,Total Birth Order,85467.96631,-0.17494029,0.954610907,0,NA,234,101 to 500,FALSE
1981,Total,Extremadura,Total Birth Order,106447.5742,-0.307066141,0.996078054,0,NA,184,101 to 500,FALSE
1981,Total,Extremadura,Total Birth Order,127427.182,-0.169955333,0.929310663,0,NA,200,101 to 500,FALSE
1981,Total,Extremadura,Total Birth Order,148406.7899,-0.077113015,0.679944595,0,NA,170,101 to 500,FALSE
1981,Total,Extremadura,Total Birth Order,169386.3977,-0.080676262,0.654601565,0,NA,128,101 to 500,FALSE
1981,Total,Extremadura,Total Birth Order,190366.0056,0.125679784,0.173338714,1,1,58,21 to 100,TRUE
1981,Total,Extremadura,Total Birth Order,211345.6135,-0.159655692,0.67228972,0,NA,46,21 to 100,FALSE
1981,Total,Extremadura,Total Birth Order,232325.2213,-0.688614229,0.975338524,0,NA,18,1 to 20,FALSE
1991,Total,Extremadura,Total Birth Order,22529.14273,0.446226468,5.00578e-4,1,1,NA,101 to 500,TRUE
1991,Total,Extremadura,Total Birth Order,43508.75059,0.331713965,1.55522e-4,1,1,NA,101 to 500,TRUE
1991,Total,Extremadura,Total Birth Order,64488.35845,0.010380407,0.354537685,0,NA,NA,101 to 500,FALSE
1991,Total,Extremadura,Total Birth Order,85467.96631,-0.125347374,0.873046939,0,NA,NA,101 to 500,FALSE
1991,Total,Extremadura,Total Birth Order,106447.5742,-0.230156546,0.974760476,0,NA,NA,101 to 500,FALSE
1991,Total,Extremadura,Total Birth Order,127427.182,-0.271671918,0.994344605,0,NA,NA,101 to 500,FALSE
1991,Total,Extremadura,Total Birth Order,148406.7899,-0.154641814,0.884179225,0,NA,NA,101 to 500,FALSE
1991,Total,Extremadura,Total Birth Order,169386.3977,-0.141159084,0.816129439,0,NA,NA,101 to 500,FALSE
1991,Total,Extremadura,Total Birth Order,190366.0056,-0.217645009,0.827361806,0,NA,NA,21 to 100,FALSE
1991,Total,Extremadura,Total Birth Order,211345.6135,-0.36552015,0.925775601,0,NA,NA,21 to 100,FALSE
1991,Total,Extremadura,Total Birth Order,232325.2213,0.323640659,0.068139719,0,NA,NA,1 to 20,FALSE
2001,Total,Extremadura,Total Birth Order,22529.14273,0.273172974,0.018625535,1,1,NA,101 to 500,TRUE
2001,Total,Extremadura,Total Birth Order,43508.75059,0.068983569,0.168078785,0,NA,NA,101 to 500,FALSE
2001,Total,Extremadura,Total Birth Order,64488.35845,-0.018740093,0.471496361,0,NA,NA,101 to 500,FALSE
2001,Total,Extremadura,Total Birth Order,85467.96631,-0.194929291,0.973183955,0,NA,NA,101 to 500,FALSE
2001,Total,Extremadura,Total Birth Order,106447.5742,0.027000446,0.304800039,0,NA,NA,101 to 500,FALSE
2001,Total,Extremadura,Total Birth Order,127427.182,-0.166181722,0.926125853,0,NA,NA,101 to 500,FALSE
2001,Total,Extremadura,Total Birth Order,148406.7899,-0.078457033,0.686564041,0,NA,NA,101 to 500,FALSE
2001,Total,Extremadura,Total Birth Order,169386.3977,-0.013143467,0.436631918,0,NA,NA,101 to 500,FALSE
2001,Total,Extremadura,Total Birth Order,190366.0056,-0.489853424,0.993139616,0,NA,NA,21 to 100,FALSE
2001,Total,Extremadura,Total Birth Order,211345.6135,0.085024236,0.207939692,0,NA,NA,21 to 100,FALSE
2001,Total,Extremadura,Total Birth Order,232325.2213,0.095081586,0.206273579,0,NA,NA,1 to 20,FALSE
2011,Total,Extremadura,Total Birth Order,22529.14273,0.397619711,0.001997945,1,1,NA,101 to 500,TRUE
2011,Total,Extremadura,Total Birth Order,43508.75059,0.101841079,0.101495612,1,1,NA,101 to 500,TRUE
2011,Total,Extremadura,Total Birth Order,64488.35845,0.006288156,0.372269407,1,1,NA,101 to 500,TRUE
2011,Total,Extremadura,Total Birth Order,85467.96631,-0.306653467,0.999251236,0,NA,NA,101 to 500,FALSE
2011,Total,Extremadura,Total Birth Order,106447.5742,-0.346335963,0.998742388,0,NA,NA,101 to 500,FALSE
2011,Total,Extremadura,Total Birth Order,127427.182,-0.173536329,0.933239071,0,NA,NA,101 to 500,FALSE
2011,Total,Extremadura,Total Birth Order,148406.7899,0.027567599,0.310750881,1,1,NA,101 to 500,TRUE
2011,Total,Extremadura,Total Birth Order,169386.3977,0.28572897,0.005035516,1,1,NA,101 to 500,TRUE
2011,Total,Extremadura,Total Birth Order,190366.0056,0.406899783,0.00752815,1,1,NA,21 to 100,TRUE
2011,Total,Extremadura,Total Birth Order,211345.6135,-0.101902232,0.560920342,0,NA,NA,21 to 100,FALSE
2011,Total,Extremadura,Total Birth Order,232325.2213,-0.571081865,0.940566121,0,NA,NA,1 to 20,FALSE
1981,Total,Castile and Leon,Total Birth Order,18997.00686,-0.124428347,0.808382921,0,NA,154,101 to 500,FALSE
1981,Total,Castile and Leon,Total Birth Order,48637.86936,0.09129484,0.057691821,1,1,506,>500,TRUE
1981,Total,Castile and Leon,Total Birth Order,78278.73186,0.057829619,0.107899257,1,1,690,>500,TRUE
1981,Total,Castile and Leon,Total Birth Order,107919.5944,-0.017992417,0.536450542,0,NA,760,>500,FALSE
1981,Total,Castile and Leon,Total Birth Order,137560.4569,0.008096742,0.331290504,1,1,758,>500,TRUE
1981,Total,Castile and Leon,Total Birth Order,167201.3193,-0.003007297,0.416522458,1,1,742,>500,TRUE
1981,Total,Castile and Leon,Total Birth Order,196842.1818,-0.05382948,0.776578466,0,NA,670,>500,FALSE
1981,Total,Castile and Leon,Total Birth Order,226483.0443,-0.195917382,0.998606596,0,NA,584,>500,FALSE
1981,Total,Castile and Leon,Total Birth Order,256123.9068,0.029531473,0.268157789,1,1,388,101 to 500,TRUE
1981,Total,Castile and Leon,Total Birth Order,285764.7693,0.002357259,0.405510025,1,1,282,101 to 500,TRUE
1981,Total,Castile and Leon,Total Birth Order,315405.6318,-0.052987093,0.55272051,0,NA,92,21 to 100,FALSE
1981,Total,Castile and Leon,Total Birth Order,345046.4943,-0.125371752,0.650658181,0,NA,52,21 to 100,FALSE
1981,Total,Castile and Leon,Total Birth Order,374687.3568,-0.37536258,0.863816581,0,NA,22,21 to 100,FALSE
1991,Total,Castile and Leon,Total Birth Order,18997.00686,-0.126686552,0.812746462,0,NA,NA,101 to 500,FALSE
1991,Total,Castile and Leon,Total Birth Order,48637.86936,0.162796816,0.004147758,1,1,NA,>500,TRUE
1991,Total,Castile and Leon,Total Birth Order,78278.73186,0.062188684,0.095377253,0,NA,NA,>500,FALSE
1991,Total,Castile and Leon,Total Birth Order,107919.5944,0.043546496,0.132942898,0,NA,NA,>500,FALSE
1991,Total,Castile and Leon,Total Birth Order,137560.4569,0.049293624,0.102015755,0,NA,NA,>500,FALSE
1991,Total,Castile and Leon,Total Birth Order,167201.3193,0.049452879,0.100868704,0,NA,NA,>500,FALSE
1991,Total,Castile and Leon,Total Birth Order,196842.1818,-0.07364035,0.870403504,0,NA,NA,>500,FALSE
1991,Total,Castile and Leon,Total Birth Order,226483.0443,-0.207051931,0.999213908,0,NA,NA,>500,FALSE
1991,Total,Castile and Leon,Total Birth Order,256123.9068,-0.097945231,0.863143608,0,NA,NA,101 to 500,FALSE
1991,Total,Castile and Leon,Total Birth Order,285764.7693,-0.012099496,0.471755642,0,NA,NA,101 to 500,FALSE
1991,Total,Castile and Leon,Total Birth Order,315405.6318,-0.083543012,0.631592754,0,NA,NA,21 to 100,FALSE
1991,Total,Castile and Leon,Total Birth Order,345046.4943,-0.208830273,0.799406884,0,NA,NA,21 to 100,FALSE
1991,Total,Castile and Leon,Total Birth Order,374687.3568,-0.272210158,0.755241774,0,NA,NA,21 to 100,FALSE
2001,Total,Castile and Leon,Total Birth Order,18997.00686,0.134795144,0.111333952,0,NA,NA,101 to 500,FALSE
2001,Total,Castile and Leon,Total Birth Order,48637.86936,0.055308591,0.150256912,0,NA,NA,>500,FALSE
2001,Total,Castile and Leon,Total Birth Order,78278.73186,0.058582985,0.104959759,0,NA,NA,>500,FALSE
2001,Total,Castile and Leon,Total Birth Order,107919.5944,0.106106324,0.009362368,1,1,NA,>500,TRUE
2001,Total,Castile and Leon,Total Birth Order,137560.4569,0.02427565,0.221379483,0,NA,NA,>500,FALSE
2001,Total,Castile and Leon,Total Birth Order,167201.3193,-0.060129378,0.830847896,0,NA,NA,>500,FALSE
2001,Total,Castile and Leon,Total Birth Order,196842.1818,-0.083531066,0.906860814,0,NA,NA,>500,FALSE
2001,Total,Castile and Leon,Total Birth Order,226483.0443,-0.035306487,0.639093418,0,NA,NA,>500,FALSE
2001,Total,Castile and Leon,Total Birth Order,256123.9068,-0.087220285,0.832022254,0,NA,NA,101 to 500,FALSE
2001,Total,Castile and Leon,Total Birth Order,285764.7693,-0.165964398,0.95841515,0,NA,NA,101 to 500,FALSE
2001,Total,Castile and Leon,Total Birth Order,315405.6318,-0.165143608,0.817497498,0,NA,NA,21 to 100,FALSE
2001,Total,Castile and Leon,Total Birth Order,345046.4943,-0.149184258,0.715264372,0,NA,NA,21 to 100,FALSE
2001,Total,Castile and Leon,Total Birth Order,374687.3568,0.161231111,0.143179151,0,NA,NA,21 to 100,FALSE
2011,Total,Castile and Leon,Total Birth Order,18997.00686,0.295391283,0.006200168,1,1,NA,101 to 500,TRUE
2011,Total,Castile and Leon,Total Birth Order,48637.86936,0.113455971,0.028732241,1,1,NA,>500,TRUE
2011,Total,Castile and Leon,Total Birth Order,78278.73186,0.160599954,0.001295953,1,1,NA,>500,TRUE
2011,Total,Castile and Leon,Total Birth Order,107919.5944,0.184391493,5.52e-5,1,1,NA,>500,TRUE
2011,Total,Castile and Leon,Total Birth Order,137560.4569,0.100062718,0.010747498,1,1,NA,>500,TRUE
2011,Total,Castile and Leon,Total Birth Order,167201.3193,-0.062259052,0.840014963,0,NA,NA,>500,FALSE
2011,Total,Castile and Leon,Total Birth Order,196842.1818,-0.113686451,0.969741898,0,NA,NA,>500,FALSE
2011,Total,Castile and Leon,Total Birth Order,226483.0443,-0.086286535,0.882133233,0,NA,NA,>500,FALSE
2011,Total,Castile and Leon,Total Birth Order,256123.9068,-0.259087661,0.999432069,0,NA,NA,101 to 500,FALSE
2011,Total,Castile and Leon,Total Birth Order,285764.7693,-0.293824681,0.999314144,0,NA,NA,101 to 500,FALSE
2011,Total,Castile and Leon,Total Birth Order,315405.6318,-0.294177453,0.957968891,0,NA,NA,21 to 100,FALSE
2011,Total,Castile and Leon,Total Birth Order,345046.4943,-0.322653072,0.921030313,0,NA,NA,21 to 100,FALSE
2011,Total,Castile and Leon,Total Birth Order,374687.3568,-0.250867238,0.710980158,0,NA,NA,21 to 100,FALSE
1981,Total,Castile La Mancha,Total Birth Order,26938.2752,0.010986141,0.38785492,1,1,254,101 to 500,TRUE
1981,Total,Castile La Mancha,Total Birth Order,56844.63818,0.123218773,0.017999951,1,1,472,101 to 500,TRUE
1981,Total,Castile La Mancha,Total Birth Order,86751.00116,-0.028833602,0.585159264,0,NA,576,>500,FALSE
1981,Total,Castile La Mancha,Total Birth Order,116657.3641,0.017636029,0.257427123,1,1,650,>500,TRUE
1981,Total,Castile La Mancha,Total Birth Order,146563.7271,0.040025227,0.152318089,1,1,598,>500,TRUE
1981,Total,Castile La Mancha,Total Birth Order,176470.0901,-0.131442872,0.972446714,0,NA,500,101 to 500,FALSE
1981,Total,Castile La Mancha,Total Birth Order,206376.4531,-0.039964159,0.618460942,0,NA,350,101 to 500,FALSE
1981,Total,Castile La Mancha,Total Birth Order,236282.816,-0.154914649,0.926253091,0,NA,254,101 to 500,FALSE
1981,Total,Castile La Mancha,Total Birth Order,266189.179,0.06079265,0.224714319,1,1,168,101 to 500,TRUE
1981,Total,Castile La Mancha,Total Birth Order,296095.542,-0.071825246,0.569205802,0,NA,56,21 to 100,FALSE
1981,Total,Castile La Mancha,Total Birth Order,326001.905,0.064579946,0.267426756,1,1,22,21 to 100,TRUE
1981,Total,Castile La Mancha,Total Birth Order,355908.268,-0.472785386,0.612757838,0,NA,6,1 to 20,FALSE
1991,Total,Castile La Mancha,Total Birth Order,26938.2752,0.265165144,0.002235072,1,1,NA,101 to 500,TRUE
1991,Total,Castile La Mancha,Total Birth Order,56844.63818,0.062008725,0.122930403,0,NA,NA,101 to 500,FALSE
1991,Total,Castile La Mancha,Total Birth Order,86751.00116,0.06126834,0.097913057,0,NA,NA,>500,FALSE
1991,Total,Castile La Mancha,Total Birth Order,116657.3641,0.014544443,0.279607388,0,NA,NA,>500,FALSE
1991,Total,Castile La Mancha,Total Birth Order,146563.7271,-0.004165785,0.414551113,0,NA,NA,>500,FALSE
1991,Total,Castile La Mancha,Total Birth Order,176470.0901,-0.102195634,0.921166081,0,NA,NA,101 to 500,FALSE
1991,Total,Castile La Mancha,Total Birth Order,206376.4531,-0.276210209,0.999479583,0,NA,NA,101 to 500,FALSE
1991,Total,Castile La Mancha,Total Birth Order,236282.816,-0.100442067,0.803205952,0,NA,NA,101 to 500,FALSE
1991,Total,Castile La Mancha,Total Birth Order,266189.179,-0.252464933,0.977371907,0,NA,NA,101 to 500,FALSE
1991,Total,Castile La Mancha,Total Birth Order,296095.542,0.084252423,0.252268586,0,NA,NA,21 to 100,FALSE
1991,Total,Castile La Mancha,Total Birth Order,326001.905,-0.050814651,0.428689145,0,NA,NA,21 to 100,FALSE
1991,Total,Castile La Mancha,Total Birth Order,355908.268,-0.490463143,0.622579692,0,NA,NA,1 to 20,FALSE
2001,Total,Castile La Mancha,Total Birth Order,26938.2752,0.253798592,0.003057766,1,1,NA,101 to 500,TRUE
2001,Total,Castile La Mancha,Total Birth Order,56844.63818,0.00587204,0.371354143,0,NA,NA,101 to 500,FALSE
2001,Total,Castile La Mancha,Total Birth Order,86751.00116,-0.02210424,0.539955856,0,NA,NA,>500,FALSE
2001,Total,Castile La Mancha,Total Birth Order,116657.3641,-0.037983524,0.66203221,0,NA,NA,>500,FALSE
2001,Total,Castile La Mancha,Total Birth Order,146563.7271,-0.156956346,0.99465564,0,NA,NA,>500,FALSE
2001,Total,Castile La Mancha,Total Birth Order,176470.0901,-0.081470294,0.859410025,0,NA,NA,101 to 500,FALSE
2001,Total,Castile La Mancha,Total Birth Order,206376.4531,-0.047060741,0.651296691,0,NA,NA,101 to 500,FALSE
2001,Total,Castile La Mancha,Total Birth Order,236282.816,-0.050703215,0.63113378,0,NA,NA,101 to 500,FALSE
2001,Total,Castile La Mancha,Total Birth Order,266189.179,0.235013085,0.011145645,1,1,NA,101 to 500,TRUE
2001,Total,Castile La Mancha,Total Birth Order,296095.542,0.106745464,0.213910921,0,NA,NA,21 to 100,FALSE
2001,Total,Castile La Mancha,Total Birth Order,326001.905,0.187150262,0.141375516,0,NA,NA,21 to 100,FALSE
2001,Total,Castile La Mancha,Total Birth Order,355908.268,-0.639709285,0.771213472,0,NA,NA,1 to 20,FALSE
2011,Total,Castile La Mancha,Total Birth Order,26938.2752,0.294491241,7.26526e-4,1,1,NA,101 to 500,TRUE
2011,Total,Castile La Mancha,Total Birth Order,56844.63818,0.028648062,0.249981388,1,1,NA,101 to 500,TRUE
2011,Total,Castile La Mancha,Total Birth Order,86751.00116,0.004619824,0.362534404,1,1,NA,>500,TRUE
2011,Total,Castile La Mancha,Total Birth Order,116657.3641,-0.062214439,0.813241936,0,NA,NA,>500,FALSE
2011,Total,Castile La Mancha,Total Birth Order,146563.7271,-0.163542458,0.996509547,0,NA,NA,>500,FALSE
2011,Total,Castile La Mancha,Total Birth Order,176470.0901,-0.163817206,0.99303741,0,NA,NA,101 to 500,FALSE
2011,Total,Castile La Mancha,Total Birth Order,206376.4531,0.032579956,0.265412992,1,1,NA,101 to 500,TRUE
2011,Total,Castile La Mancha,Total Birth Order,236282.816,0.113710208,0.080010417,1,1,NA,101 to 500,TRUE
2011,Total,Castile La Mancha,Total Birth Order,266189.179,0.131694812,0.085064014,1,1,NA,101 to 500,TRUE
2011,Total,Castile La Mancha,Total Birth Order,296095.542,0.185406176,0.113873801,1,1,NA,21 to 100,TRUE
2011,Total,Castile La Mancha,Total Birth Order,326001.905,0.225243734,0.125176341,1,1,NA,21 to 100,TRUE
2011,Total,Castile La Mancha,Total Birth Order,355908.268,-0.790863223,0.9311323,0,NA,NA,1 to 20,FALSE
1981,Total,Galicia,Total Birth Order,12532.53667,0.542918363,1.58e-9,1,1,328,101 to 500,TRUE
1981,Total,Galicia,Total Birth Order,28755.45673,0.533699873,2.86e-19,1,1,630,>500,TRUE
1981,Total,Galicia,Total Birth Order,44978.37679,0.274583268,3.41e-9,1,1,816,>500,TRUE
1981,Total,Galicia,Total Birth Order,61201.29685,0.121610631,0.002544949,1,1,862,>500,TRUE
1981,Total,Galicia,Total Birth Order,77424.21691,-0.068961939,0.896913024,0,NA,896,>500,FALSE
1981,Total,Galicia,Total Birth Order,93647.13697,-0.158770938,0.999310303,0,NA,864,>500,FALSE
1981,Total,Galicia,Total Birth Order,109870.057,-0.206834744,0.999979453,0,NA,834,>500,FALSE
1981,Total,Galicia,Total Birth Order,126092.9771,-0.168667488,0.99886222,0,NA,738,>500,FALSE
1981,Total,Galicia,Total Birth Order,142315.8971,-0.227255732,0.999768399,0,NA,542,>500,FALSE
1981,Total,Galicia,Total Birth Order,158538.8172,-0.079869303,0.789507097,0,NA,344,101 to 500,FALSE
1981,Total,Galicia,Total Birth Order,174761.7373,-0.014896277,0.476915778,1,1,196,101 to 500,TRUE
1981,Total,Galicia,Total Birth Order,190984.6573,-0.040492285,0.492346744,1,1,74,21 to 100,TRUE
1981,Total,Galicia,Total Birth Order,207207.5774,-0.27908357,0.647189137,0,NA,16,1 to 20,FALSE
1991,Total,Galicia,Total Birth Order,12532.53667,0.375297515,1.27e-5,1,1,NA,101 to 500,TRUE
1991,Total,Galicia,Total Birth Order,28755.45673,0.188507093,4.45931e-4,1,1,NA,>500,TRUE
1991,Total,Galicia,Total Birth Order,44978.37679,0.068837178,0.048411632,1,1,NA,>500,TRUE
1991,Total,Galicia,Total Birth Order,61201.29685,-0.00493878,0.44095147,0,NA,NA,>500,FALSE
1991,Total,Galicia,Total Birth Order,77424.21691,-0.120116026,0.992595673,0,NA,NA,>500,FALSE
1991,Total,Galicia,Total Birth Order,93647.13697,-0.090063865,0.958232907,0,NA,NA,>500,FALSE
1991,Total,Galicia,Total Birth Order,109870.057,-0.089273878,0.951010353,0,NA,NA,>500,FALSE
1991,Total,Galicia,Total Birth Order,126092.9771,-0.050875643,0.779034508,0,NA,NA,>500,FALSE
1991,Total,Galicia,Total Birth Order,142315.8971,-0.003582137,0.43905848,0,NA,NA,>500,FALSE
1991,Total,Galicia,Total Birth Order,158538.8172,-0.012793459,0.486750014,0,NA,NA,101 to 500,FALSE
1991,Total,Galicia,Total Birth Order,174761.7373,-0.140112029,0.885403424,0,NA,NA,101 to 500,FALSE
1991,Total,Galicia,Total Birth Order,190984.6573,-0.238696228,0.891519374,0,NA,NA,21 to 100,FALSE
1991,Total,Galicia,Total Birth Order,207207.5774,-0.831457016,0.988899222,0,NA,NA,1 to 20,FALSE
2001,Total,Galicia,Total Birth Order,12532.53667,0.477224727,9.65e-8,1,1,NA,101 to 500,TRUE
2001,Total,Galicia,Total Birth Order,28755.45673,0.399612854,1.12e-11,1,1,NA,>500,TRUE
2001,Total,Galicia,Total Birth Order,44978.37679,0.230589879,5.05e-7,1,1,NA,>500,TRUE
2001,Total,Galicia,Total Birth Order,61201.29685,-0.004114263,0.435287631,0,NA,NA,>500,FALSE
2001,Total,Galicia,Total Birth Order,77424.21691,-0.096557983,0.969226261,0,NA,NA,>500,FALSE
2001,Total,Galicia,Total Birth Order,93647.13697,-0.072956046,0.907494683,0,NA,NA,>500,FALSE
2001,Total,Galicia,Total Birth Order,109870.057,-0.196577825,0.999946226,0,NA,NA,>500,FALSE
2001,Total,Galicia,Total Birth Order,126092.9771,-0.1344021,0.991252234,0,NA,NA,>500,FALSE
2001,Total,Galicia,Total Birth Order,142315.8971,-0.054998379,0.753746849,0,NA,NA,>500,FALSE
2001,Total,Galicia,Total Birth Order,158538.8172,-0.143671751,0.944381144,0,NA,NA,101 to 500,FALSE
2001,Total,Galicia,Total Birth Order,174761.7373,-0.242061503,0.983550939,0,NA,NA,101 to 500,FALSE
2001,Total,Galicia,Total Birth Order,190984.6573,-0.381801687,0.981939908,0,NA,NA,21 to 100,FALSE
2001,Total,Galicia,Total Birth Order,207207.5774,-0.815787164,0.983378898,0,NA,NA,1 to 20,FALSE
2011,Total,Galicia,Total Birth Order,12532.53667,0.394651696,6.74e-6,1,1,NA,101 to 500,TRUE
2011,Total,Galicia,Total Birth Order,28755.45673,0.345993437,2.37e-9,1,1,NA,>500,TRUE
2011,Total,Galicia,Total Birth Order,44978.37679,0.082256771,0.027992119,1,1,NA,>500,TRUE
2011,Total,Galicia,Total Birth Order,61201.29685,0.04163148,0.129883008,1,1,NA,>500,TRUE
2011,Total,Galicia,Total Birth Order,77424.21691,0.067238944,0.039264189,1,1,NA,>500,TRUE
2011,Total,Galicia,Total Birth Order,93647.13697,-0.036933517,0.707797393,0,NA,NA,>500,FALSE
2011,Total,Galicia,Total Birth Order,109870.057,-0.110848088,0.981628867,0,NA,NA,>500,FALSE
2011,Total,Galicia,Total Birth Order,126092.9771,-0.115243175,0.97824765,0,NA,NA,>500,FALSE
2011,Total,Galicia,Total Birth Order,142315.8971,-0.212328427,0.999471127,0,NA,NA,>500,FALSE
2011,Total,Galicia,Total Birth Order,158538.8172,-0.188470839,0.985026236,0,NA,NA,101 to 500,FALSE
2011,Total,Galicia,Total Birth Order,174761.7373,-0.094721303,0.765787447,0,NA,NA,101 to 500,FALSE
2011,Total,Galicia,Total Birth Order,190984.6573,0.149394868,0.106472715,1,1,NA,21 to 100,TRUE
2011,Total,Galicia,Total Birth Order,207207.5774,0.109312771,0.160464937,1,1,NA,1 to 20,TRUE
1981,Total,Basque Country,Total Birth Order,6918.439943,0.068797808,0.219112445,1,1,174,101 to 500,TRUE
1981,Total,Basque Country,Total Birth Order,16684.15462,0.119752454,0.048218748,1,1,282,101 to 500,TRUE
1981,Total,Basque Country,Total Birth Order,26449.8693,-0.001849684,0.404003677,1,1,294,101 to 500,TRUE
1981,Total,Basque Country,Total Birth Order,36215.58398,-0.042715797,0.605969512,0,NA,296,101 to 500,FALSE
1981,Total,Basque Country,Total Birth Order,45981.29865,-0.119243788,0.891900862,0,NA,268,101 to 500,FALSE
1981,Total,Basque Country,Total Birth Order,55747.01333,-0.030006368,0.53790837,0,NA,230,101 to 500,FALSE
1981,Total,Basque Country,Total Birth Order,65512.72801,-0.073782828,0.693312262,0,NA,192,101 to 500,FALSE
1981,Total,Basque Country,Total Birth Order,75278.44268,-0.07282738,0.66636685,0,NA,176,101 to 500,FALSE
1981,Total,Basque Country,Total Birth Order,85044.15736,0.088808345,0.148785312,1,1,136,101 to 500,TRUE
1981,Total,Basque Country,Total Birth Order,94809.87204,-0.086135769,0.626366651,0,NA,84,21 to 100,FALSE
1981,Total,Basque Country,Total Birth Order,104575.5867,0.071465985,0.21202239,1,1,22,21 to 100,TRUE
1981,Total,Basque Country,Total Birth Order,114341.3014,-0.213225369,0.452937664,1,1,8,1 to 20,TRUE
1991,Total,Basque Country,Total Birth Order,6918.439943,0.40322417,2.05322e-4,1,1,NA,101 to 500,TRUE
1991,Total,Basque Country,Total Birth Order,16684.15462,0.067014392,0.153670376,0,NA,NA,101 to 500,FALSE
1991,Total,Basque Country,Total Birth Order,26449.8693,0.131377596,0.033598654,1,1,NA,101 to 500,TRUE
1991,Total,Basque Country,Total Birth Order,36215.58398,0.025073604,0.279898322,0,NA,NA,101 to 500,FALSE
1991,Total,Basque Country,Total Birth Order,45981.29865,-0.031263105,0.549609323,0,NA,NA,101 to 500,FALSE
1991,Total,Basque Country,Total Birth Order,55747.01333,-0.162539206,0.945844127,0,NA,NA,101 to 500,FALSE
1991,Total,Basque Country,Total Birth Order,65512.72801,-0.208650414,0.963428944,0,NA,NA,101 to 500,FALSE
1991,Total,Basque Country,Total Birth Order,75278.44268,-0.10663599,0.77081737,0,NA,NA,101 to 500,FALSE
1991,Total,Basque Country,Total Birth Order,85044.15736,-0.181913575,0.893639572,0,NA,NA,101 to 500,FALSE
1991,Total,Basque Country,Total Birth Order,94809.87204,-0.072790535,0.588547473,0,NA,NA,21 to 100,FALSE
1991,Total,Basque Country,Total Birth Order,104575.5867,-0.558299037,0.962133207,0,NA,NA,21 to 100,FALSE
1991,Total,Basque Country,Total Birth Order,114341.3014,-0.072268166,0.078628416,0,NA,NA,1 to 20,FALSE
2001,Total,Basque Country,Total Birth Order,6918.439943,0.229235794,0.019178703,1,1,NA,101 to 500,TRUE
2001,Total,Basque Country,Total Birth Order,16684.15462,0.262592942,5.83078e-4,1,1,NA,101 to 500,TRUE
2001,Total,Basque Country,Total Birth Order,26449.8693,0.21366242,0.00257543,1,1,NA,101 to 500,TRUE
2001,Total,Basque Country,Total Birth Order,36215.58398,0.175585315,0.006954232,1,1,NA,101 to 500,TRUE
2001,Total,Basque Country,Total Birth Order,45981.29865,0.129317666,0.030931351,1,1,NA,101 to 500,TRUE
2001,Total,Basque Country,Total Birth Order,55747.01333,-0.1469107,0.921917748,0,NA,NA,101 to 500,FALSE
2001,Total,Basque Country,Total Birth Order,65512.72801,-0.390362987,0.999772168,0,NA,NA,101 to 500,FALSE
2001,Total,Basque Country,Total Birth Order,75278.44268,-0.478396659,0.999980785,0,NA,NA,101 to 500,FALSE
2001,Total,Basque Country,Total Birth Order,85044.15736,-0.306070122,0.988270732,0,NA,NA,101 to 500,FALSE
2001,Total,Basque Country,Total Birth Order,94809.87204,-0.272086581,0.935871349,0,NA,NA,21 to 100,FALSE
2001,Total,Basque Country,Total Birth Order,104575.5867,-0.186592956,0.644169953,0,NA,NA,21 to 100,FALSE
2001,Total,Basque Country,Total Birth Order,114341.3014,-0.740795452,0.948656368,0,NA,NA,1 to 20,FALSE
2011,Total,Basque Country,Total Birth Order,6918.439943,0.393188717,3.17221e-4,1,1,NA,101 to 500,TRUE
2011,Total,Basque Country,Total Birth Order,16684.15462,0.30696108,8.94e-5,1,1,NA,101 to 500,TRUE
2011,Total,Basque Country,Total Birth Order,26449.8693,0.009805511,0.356022913,1,1,NA,101 to 500,TRUE
2011,Total,Basque Country,Total Birth Order,36215.58398,-0.100969509,0.839653998,0,NA,NA,101 to 500,FALSE
2011,Total,Basque Country,Total Birth Order,45981.29865,-0.190145221,0.981618347,0,NA,NA,101 to 500,FALSE
2011,Total,Basque Country,Total Birth Order,55747.01333,-0.251413444,0.995209526,0,NA,NA,101 to 500,FALSE
2011,Total,Basque Country,Total Birth Order,65512.72801,-0.427734905,0.999941373,0,NA,NA,101 to 500,FALSE
2011,Total,Basque Country,Total Birth Order,75278.44268,-0.410137615,0.999743569,0,NA,NA,101 to 500,FALSE
2011,Total,Basque Country,Total Birth Order,85044.15736,-0.087195124,0.677475072,0,NA,NA,101 to 500,FALSE
2011,Total,Basque Country,Total Birth Order,94809.87204,-0.202522874,0.860019317,0,NA,NA,21 to 100,FALSE
2011,Total,Basque Country,Total Birth Order,104575.5867,0.017299728,0.339482203,1,1,NA,21 to 100,TRUE
2011,Total,Basque Country,Total Birth Order,114341.3014,-0.729421829,0.948493735,0,NA,NA,1 to 20,FALSE
1981,Total,Urban Madrid,Total Birth Order,14946.52,-0.01543162,0.48343068,1,1,440,101 to 500,TRUE
1981,Total,Urban Madrid,Total Birth Order,36067.47,0.01889634,0.2636289,1,1,830,>500,TRUE
1981,Total,Urban Madrid,Total Birth Order,57188.41,-0.01614632,0.49384453,1,1,716,>500,TRUE
1981,Total,Urban Madrid,Total Birth Order,78309.36,0.03800982,0.17061528,1,1,528,>500,TRUE
1981,Total,Urban Madrid,Total Birth Order,99430.31,-0.07753708,0.83895732,0,NA,460,101 to 500,FALSE
1981,Total,Urban Madrid,Total Birth Order,120551.26,0.12167639,0.03792112,1,1,352,101 to 500,TRUE
1981,Total,Urban Madrid,Total Birth Order,141672.2,0.13674664,0.06658541,1,1,202,101 to 500,TRUE
1981,Total,Urban Madrid,Total Birth Order,162793.15,-0.28493576,0.94424681,0,NA,74,21 to 100,FALSE
1981,Total,Urban Madrid,Total Birth Order,183914.1,-0.5196092,0.97411088,0,NA,30,21 to 100,FALSE
1981,Total,Urban Madrid,Total Birth Order,205035.05,-0.72725615,0.95431007,0,NA,14,1 to 20,FALSE
1981,Total,Urban Madrid,Total Birth Order,226155.99,-0.6909686,0.90313388000000006,0,NA,8,1 to 20,FALSE
1981,Total,Urban Madrid,Total Birth Order,247276.94,-0.85077819,0.9027291,0,NA,6,1 to 20,FALSE
1991,Total,Urban Madrid,Total Birth Order,14946.51779,0.059184591,0.198018601,0,NA,NA,101 to 500,FALSE
1991,Total,Urban Madrid,Total Birth Order,36067.4655,-0.099200126,0.925184274,0,NA,NA,>500,FALSE
1991,Total,Urban Madrid,Total Birth Order,57188.41321,0.070574616,0.047407095,1,1,NA,>500,TRUE
1991,Total,Urban Madrid,Total Birth Order,78309.36091,0.125075286,0.007110526,1,1,NA,>500,TRUE
1991,Total,Urban Madrid,Total Birth Order,99430.30862,-0.113710932,0.941871623,0,NA,NA,101 to 500,FALSE
1991,Total,Urban Madrid,Total Birth Order,120551.2563,0.005794975,0.387245133,0,NA,NA,101 to 500,FALSE
1991,Total,Urban Madrid,Total Birth Order,141672.204,0.116405208,0.09748222,0,NA,NA,101 to 500,FALSE
1991,Total,Urban Madrid,Total Birth Order,162793.1517,-0.234555459,0.895307177,0,NA,NA,21 to 100,FALSE
1991,Total,Urban Madrid,Total Birth Order,183914.0995,-0.482285814,0.957449285,0,NA,NA,21 to 100,FALSE
1991,Total,Urban Madrid,Total Birth Order,205035.0472,-0.737021629,0.956028596,0,NA,NA,1 to 20,FALSE
1991,Total,Urban Madrid,Total Birth Order,226155.9949,-0.766383011,0.86779443,0,NA,NA,1 to 20,FALSE
1991,Total,Urban Madrid,Total Birth Order,247276.9426,-0.731253022,0.770377368,0,NA,NA,1 to 20,FALSE
2001,Total,Urban Madrid,Total Birth Order,14946.51779,0.125743785,0.058178288,0,NA,NA,101 to 500,FALSE
2001,Total,Urban Madrid,Total Birth Order,36067.4655,0.029531155,0.207711027,0,NA,NA,>500,FALSE
2001,Total,Urban Madrid,Total Birth Order,57188.41321,0.10681144,0.009018249,1,1,NA,>500,TRUE
2001,Total,Urban Madrid,Total Birth Order,78309.36091,-0.027685864,0.575603551,0,NA,NA,>500,FALSE
2001,Total,Urban Madrid,Total Birth Order,99430.30862,-0.088941233,0.87873393,0,NA,NA,101 to 500,FALSE
2001,Total,Urban Madrid,Total Birth Order,120551.2563,-0.080601584,0.792687693,0,NA,NA,101 to 500,FALSE
2001,Total,Urban Madrid,Total Birth Order,141672.204,-0.117820694,0.834126464,0,NA,NA,101 to 500,FALSE
2001,Total,Urban Madrid,Total Birth Order,162793.1517,-0.451197677,0.995502409,0,NA,NA,21 to 100,FALSE
2001,Total,Urban Madrid,Total Birth Order,183914.0995,-0.482258524,0.957136188,0,NA,NA,21 to 100,FALSE
2001,Total,Urban Madrid,Total Birth Order,205035.0472,-0.777582665,0.966738767,0,NA,NA,1 to 20,FALSE
2001,Total,Urban Madrid,Total Birth Order,226155.9949,-0.558013528,0.860106235,0,NA,NA,1 to 20,FALSE
2001,Total,Urban Madrid,Total Birth Order,247276.9426,-0.664581006,0.798719185,0,NA,NA,1 to 20,FALSE
2011,Total,Urban Madrid,Total Birth Order,14946.52,0.16084034,0.02592516,1,1,NA,101 to 500,TRUE
2011,Total,Urban Madrid,Total Birth Order,36067.47,0.06056137,0.0875037,1,1,NA,>500,TRUE
2011,Total,Urban Madrid,Total Birth Order,57188.41,-0.06529623,0.82186616,0,NA,NA,>500,FALSE
2011,Total,Urban Madrid,Total Birth Order,78309.36,-0.03429054,0.6196474,0,NA,NA,>500,FALSE
2011,Total,Urban Madrid,Total Birth Order,99430.31,-0.08282419,0.85722202,0,NA,NA,101 to 500,FALSE
2011,Total,Urban Madrid,Total Birth Order,120551.26,-0.20526222,0.99188124,0,NA,NA,101 to 500,FALSE
2011,Total,Urban Madrid,Total Birth Order,141672.2,-0.07079974,0.69694882,0,NA,NA,101 to 500,FALSE
2011,Total,Urban Madrid,Total Birth Order,162793.15,-0.41954804,0.99200664,0,NA,NA,21 to 100,FALSE
2011,Total,Urban Madrid,Total Birth Order,183914.1,-0.34085255,0.87598627,0,NA,NA,21 to 100,FALSE
2011,Total,Urban Madrid,Total Birth Order,205035.05,-0.50992659,0.85385016,0,NA,NA,1 to 20,FALSE
2011,Total,Urban Madrid,Total Birth Order,226155.99,-0.55555937,0.73891783,0,NA,NA,1 to 20,FALSE
2011,Total,Urban Madrid,Total Birth Order,247276.94,-0.15829078,0.15056223,1,1,NA,1 to 20,TRUE
1981,Total,North-East,Total Birth Order,18931.84,-0.20702024,0.91195087,1,1,142,101 to 500,TRUE
1981,Total,North-East,Total Birth Order,44535.88,0.05605167,0.19469359,1,1,292,101 to 500,TRUE
1981,Total,North-East,Total Birth Order,70139.92,-0.00501839,0.42695373,1,1,340,101 to 500,TRUE
1981,Total,North-East,Total Birth Order,95743.97,-0.05232082,0.67579678,0,NA,372,101 to 500,FALSE
1981,Total,North-East,Total Birth Order,121348.01,-0.01742733,0.4875037,0,NA,368,101 to 500,FALSE
1981,Total,North-East,Total Birth Order,146952.05,-0.05420019,0.67520975,1,1,318,101 to 500,TRUE
1981,Total,North-East,Total Birth Order,172556.09,-0.02313838,0.51650444,0,NA,278,101 to 500,FALSE
1981,Total,North-East,Total Birth Order,198160.14,-0.13052554,0.86883851,0,NA,210,101 to 500,FALSE
1981,Total,North-East,Total Birth Order,223764.18,-0.08658343,0.69346424,1,1,152,101 to 500,TRUE
1981,Total,North-East,Total Birth Order,249368.22,0.06937323,0.23707566,1,1,104,101 to 500,TRUE
1981,Total,North-East,Total Birth Order,274972.26,0.17765027,0.10082226,1,1,58,21 to 100,TRUE
1981,Total,North-East,Total Birth Order,300576.31,0.38110188,0.02396262,1,1,18,1 to 20,TRUE
1991,Total,North-East,Total Birth Order,18931.83893,-0.162661032,0.846602693,0,NA,NA,101 to 500,FALSE
1991,Total,North-East,Total Birth Order,44535.88149,0.069175915,0.157933617,0,NA,NA,101 to 500,FALSE
1991,Total,North-East,Total Birth Order,70139.92406,0.009373689,0.358212882,0,NA,NA,101 to 500,FALSE
1991,Total,North-East,Total Birth Order,95743.96662,-0.065713154,0.738333709,0,NA,NA,101 to 500,FALSE
1991,Total,North-East,Total Birth Order,121348.0092,0.059185282,0.130435475,0,NA,NA,101 to 500,FALSE
1991,Total,North-East,Total Birth Order,146952.0517,-0.024149144,0.523618668,0,NA,NA,101 to 500,FALSE
1991,Total,North-East,Total Birth Order,172556.0943,0.096139757,0.088934749,0,NA,NA,101 to 500,FALSE
1991,Total,North-East,Total Birth Order,198160.1369,-0.099264792,0.78650379,0,NA,NA,101 to 500,FALSE
1991,Total,North-East,Total Birth Order,223764.1794,-0.013313287,0.462412333,0,NA,NA,101 to 500,FALSE
1991,Total,North-East,Total Birth Order,249368.222,-0.228899928,0.910469264,0,NA,NA,101 to 500,FALSE
1991,Total,North-East,Total Birth Order,274972.2646,-0.034235119,0.479053939,0,NA,NA,21 to 100,FALSE
1991,Total,North-East,Total Birth Order,300576.3071,-0.149682144,0.50900573,0,NA,NA,1 to 20,FALSE
2001,Total,North-East,Total Birth Order,18931.83893,-0.154018242,0.832825804,0,NA,NA,101 to 500,FALSE
2001,Total,North-East,Total Birth Order,44535.88149,0.078411402,0.132227063,0,NA,NA,101 to 500,FALSE
2001,Total,North-East,Total Birth Order,70139.92406,0.023024483,0.295128789,0,NA,NA,101 to 500,FALSE
2001,Total,North-East,Total Birth Order,95743.96662,0.004135738,0.370247924,0,NA,NA,101 to 500,FALSE
2001,Total,North-East,Total Birth Order,121348.0092,-0.042787401,0.63053689,0,NA,NA,101 to 500,FALSE
2001,Total,North-East,Total Birth Order,146952.0517,-0.050963818,0.659880274,0,NA,NA,101 to 500,FALSE
2001,Total,North-East,Total Birth Order,172556.0943,-0.025670609,0.528346892,0,NA,NA,101 to 500,FALSE
2001,Total,North-East,Total Birth Order,198160.1369,-0.169399472,0.936197088,0,NA,NA,101 to 500,FALSE
2001,Total,North-East,Total Birth Order,223764.1794,0.160451126,0.064488402,0,NA,NA,101 to 500,FALSE
2001,Total,North-East,Total Birth Order,249368.222,-0.214660034,0.894472526,0,NA,NA,101 to 500,FALSE
2001,Total,North-East,Total Birth Order,274972.2646,-0.095151205,0.6170389,0,NA,NA,21 to 100,FALSE
2001,Total,North-East,Total Birth Order,300576.3071,0.191227534,0.071188991,0,NA,NA,1 to 20,FALSE
2011,Total,North-East,Total Birth Order,18931.83893,0.011641183,0.403475419,1,1,NA,101 to 500,TRUE
2011,Total,North-East,Total Birth Order,44535.88149,0.032000248,0.278005761,1,1,NA,101 to 500,TRUE
2011,Total,North-East,Total Birth Order,70139.92406,0.051244947,0.18492283,1,1,NA,101 to 500,TRUE
2011,Total,North-East,Total Birth Order,95743.96662,-0.048707618,0.65790411,0,NA,NA,101 to 500,FALSE
2011,Total,North-East,Total Birth Order,121348.0092,-0.08800784,0.83780353,0,NA,NA,101 to 500,FALSE
2011,Total,North-East,Total Birth Order,146952.0517,-0.001038091,0.403391279,1,1,NA,101 to 500,TRUE
2011,Total,North-East,Total Birth Order,172556.0943,-0.080598947,0.763280396,0,NA,NA,101 to 500,FALSE
2011,Total,North-East,Total Birth Order,198160.1369,-0.025600555,0.517751011,0,NA,NA,101 to 500,FALSE
2011,Total,North-East,Total Birth Order,223764.1794,0.018358286,0.361223791,1,1,NA,101 to 500,TRUE
2011,Total,North-East,Total Birth Order,249368.222,0.078007868,0.21824396,1,1,NA,101 to 500,TRUE
2011,Total,North-East,Total Birth Order,274972.2646,0.073050664,0.249668482,1,1,NA,21 to 100,TRUE
2011,Total,North-East,Total Birth Order,300576.3071,0.039213236,0.269118236,1,1,NA,1 to 20,TRUE
1981,Total,North-West,Total Birth Order,18707.37,0.45768826,8.98e-7,1,1,248,101 to 500,TRUE
1981,Total,North-West,Total Birth Order,44930.36,0.30962909,3.85e-5,1,1,258,101 to 500,TRUE
1981,Total,North-West,Total Birth Order,71153.35,0.35264932,1.73e-4,1,1,176,101 to 500,TRUE
1981,Total,North-West,Total Birth Order,97376.35,0.03369887,0.316,1,1,126,101 to 500,TRUE
1981,Total,North-West,Total Birth Order,123599.34,-0.45209874,1,0,NA,134,101 to 500,FALSE
1981,Total,North-West,Total Birth Order,149822.34,-0.41135663,0.999,0,NA,178,101 to 500,FALSE
1981,Total,North-West,Total Birth Order,176045.33,-0.25422147,0.97,0,NA,154,101 to 500,FALSE
1981,Total,North-West,Total Birth Order,202268.32,-0.49719314,0.999,0,NA,96,21 to 100,FALSE
1981,Total,North-West,Total Birth Order,228491.32,-0.26410268,0.894,0,NA,62,21 to 100,FALSE
1981,Total,North-West,Total Birth Order,254714.31,-0.03970628,0.444,1,1,40,21 to 100,TRUE
1981,Total,North-West,Total Birth Order,280937.31,0.06258111,0.108,1,1,10,1 to 20,TRUE
1991,Total,North-West,Total Birth Order,18707.37,0.42037115,3.79e-6,1,1,NA,101 to 500,TRUE
1991,Total,North-West,Total Birth Order,44930.36,0.26262667,2.81e-4,1,1,NA,101 to 500,TRUE
1991,Total,North-West,Total Birth Order,71153.35,-0.18387718,0.934,0,NA,NA,101 to 500,FALSE
1991,Total,North-West,Total Birth Order,97376.35,-0.30254933,0.987,0,NA,NA,101 to 500,FALSE
1991,Total,North-West,Total Birth Order,123599.34,-0.20926608,0.93,0,NA,NA,101 to 500,FALSE
1991,Total,North-West,Total Birth Order,149822.34,-0.06378585,0.619,0,NA,NA,101 to 500,FALSE
1991,Total,North-West,Total Birth Order,176045.33,-0.20347828,0.931,0,NA,NA,101 to 500,FALSE
1991,Total,North-West,Total Birth Order,202268.32,-0.20337596,0.877,0,NA,NA,21 to 100,FALSE
1991,Total,North-West,Total Birth Order,228491.32,-0.15311857,0.727,0,NA,NA,21 to 100,FALSE
1991,Total,North-West,Total Birth Order,254714.31,0.08349883,0.212,0,NA,NA,21 to 100,FALSE
1991,Total,North-West,Total Birth Order,280937.31,-0.10671155,0.275,0,NA,NA,1 to 20,FALSE
2001,Total,North-West,Total Birth Order,18707.37,0.417051,6.39e-6,1,1,NA,101 to 500,TRUE
2001,Total,North-West,Total Birth Order,44930.36,0.406274,1.8e-7,1,1,NA,101 to 500,TRUE
2001,Total,North-West,Total Birth Order,71153.35,0.2151991,0.0113,1,1,NA,101 to 500,TRUE
2001,Total,North-West,Total Birth Order,97376.35,0.2219344,0.0237,1,1,NA,101 to 500,TRUE
2001,Total,North-West,Total Birth Order,123599.34,-0.2258308,0.943,0,NA,NA,101 to 500,FALSE
2001,Total,North-West,Total Birth Order,149822.34,-0.3746054,0.998,0,NA,NA,101 to 500,FALSE
2001,Total,North-West,Total Birth Order,176045.33,-0.5505935,1,0,NA,NA,101 to 500,FALSE
2001,Total,North-West,Total Birth Order,202268.32,-0.657013,1,0,NA,NA,21 to 100,FALSE
2001,Total,North-West,Total Birth Order,228491.32,-0.5201151,0.997,0,NA,NA,21 to 100,FALSE
2001,Total,North-West,Total Birth Order,254714.31,-0.5775471,0.996,0,NA,NA,21 to 100,FALSE
2001,Total,North-West,Total Birth Order,280937.31,-0.9167821,0.972,0,NA,NA,1 to 20,FALSE
2011,Total,North-West,Total Birth Order,18707.37,0.469475,4.39e-7,1,1,NA,101 to 500,TRUE
2011,Total,North-West,Total Birth Order,44930.36,0.3648309,1.77e-6,1,1,NA,101 to 500,TRUE
2011,Total,North-West,Total Birth Order,71153.35,0.2269702,0.00803,1,1,NA,101 to 500,TRUE
2011,Total,North-West,Total Birth Order,97376.35,0.3155508,0.00299,1,1,NA,101 to 500,TRUE
2011,Total,North-West,Total Birth Order,123599.34,-0.1331914,0.804,0,NA,NA,101 to 500,FALSE
2011,Total,North-West,Total Birth Order,149822.34,-0.3748435,0.998,0,NA,NA,101 to 500,FALSE
2011,Total,North-West,Total Birth Order,176045.33,-0.4294401,1,0,NA,NA,101 to 500,FALSE
2011,Total,North-West,Total Birth Order,202268.32,-0.3593527,0.985,0,NA,NA,21 to 100,FALSE
2011,Total,North-West,Total Birth Order,228491.32,-0.5758544,0.999,0,NA,NA,21 to 100,FALSE
2011,Total,North-West,Total Birth Order,254714.31,-0.624508,0.998,0,NA,NA,21 to 100,FALSE
2011,Total,North-West,Total Birth Order,280937.31,-1.0000214,0.979,0,NA,NA,1 to 20,FALSE
2018,Total,North-East,Total Birth Order,43463.44,0.38250149,2.59519e-5,1,1,NA,NA,TRUE
2018,Total,North-East,Total Birth Order,121975.82,-0.0314312,0.526218726,0,NA,NA,NA,FALSE
2018,Total,North-East,Total Birth Order,200488.2,-0.30341311,0.997806518,0,NA,NA,NA,FALSE
2018,Total,North-East,Total Birth Order,279000.58,-0.26037141,0.999944415,0,NA,NA,NA,FALSE
2018,Total,North-East,Total Birth Order,357512.95,0.07991829,0.129070575,0,NA,NA,NA,FALSE
2018,Total,North-East,Total Birth Order,436025.33,0.06208953,0.130083159,0,NA,NA,NA,FALSE
2018,Total,North-East,Total Birth Order,514537.71,0.0749807,0.135821739,0,NA,NA,NA,FALSE
2018,Total,North-East,Total Birth Order,593050.08,0.25970922,0.003755246,1,1,NA,NA,TRUE
2018,Total,North-East,Total Birth Order,671562.46,-0.21767862,0.96245685,0,NA,NA,NA,FALSE
2018,Total,North-East,Total Birth Order,750074.84,-0.29440847,0.948377215,0,NA,NA,NA,FALSE
2018,Total,North-East,Total Birth Order,828587.22,-0.58267736,0.949685636,0,NA,NA,NA,FALSE
2018,Total,North-East,Total Birth Order,907099.59,0.04038039,0.277564176,0,NA,NA,NA,FALSE
2018,Total,North-West,Total Birth Order,40984.92,0.213825047,0.002342958,1,1,368,NA,TRUE
2018,Total,North-West,Total Birth Order,114112.61,-0.192273312,0.655417531,0,NA,20,NA,FALSE
2018,Total,North-West,Total Birth Order,187240.3,-0.253825795,0.857130904,0,NA,26,NA,FALSE
2018,Total,North-West,Total Birth Order,260367.99,0.017991228,0.311795275,0,NA,60,NA,FALSE
2018,Total,North-West,Total Birth Order,333495.68,-0.469813325,0.972040636,0,NA,34,NA,FALSE
2018,Total,North-West,Total Birth Order,406623.37,-0.267643595,0.974657311,0,NA,150,NA,FALSE
2018,Total,North-West,Total Birth Order,479751.06,0.329658517,0.002562374,0,NA,120,NA,FALSE
2018,Total,North-West,Total Birth Order,552878.75,-0.062930343,0.58853921,0,NA,182,NA,FALSE
2018,Total,North-West,Total Birth Order,626006.44,-0.004751157,0.374422008,0,NA,24,NA,FALSE
2018,Total,North-West,Total Birth Order,699134.13,0.066277423,0.219345626,0,NA,98,NA,FALSE
2018,Total,North-West,Total Birth Order,772261.82,-0.188174269,0.995095539,0,NA,400,NA,FALSE
2018,Total,Andalusia,Total Birth Order,39317.91,0.016336027,0.279,0,NA,1846,NA,FALSE
2018,Total,Andalusia,Total Birth Order,115560.63,-0.011276225,0.56,0,NA,1854,NA,FALSE
2018,Total,Andalusia,Total Birth Order,191803.35,0.008469268,0.347,0,NA,2048,NA,FALSE
2018,Total,Andalusia,Total Birth Order,268046.07,-0.007627646,0.522,0,NA,2682,NA,FALSE
2018,Total,Andalusia,Total Birth Order,344288.79,-0.003554265,0.469,0,NA,3324,NA,FALSE
2018,Total,Andalusia,Total Birth Order,420531.51,-0.005677978,0.499,0,NA,3838,NA,FALSE
2018,Total,Andalusia,Total Birth Order,496774.23,0.009648387,0.279,0,NA,3112,NA,FALSE
2018,Total,Andalusia,Total Birth Order,573016.95,-0.048788803,0.95,0,NA,3080,NA,FALSE
2018,Total,Andalusia,Total Birth Order,649259.67,-0.055238422,0.96,0,NA,2784,NA,FALSE
2018,Total,Andalusia,Total Birth Order,725502.39,0.003845977,0.363,0,NA,2662,NA,FALSE
2018,Total,Andalusia,Total Birth Order,801745.11,-0.036239399,0.73,0,NA,1514,NA,FALSE
2018,Total,Andalusia,Total Birth Order,877987.83,0.036706712,0.154,0,NA,1144,NA,FALSE
2018,Total,Andalusia,Total Birth Order,954230.55,-0.019416004,0.531,0,NA,668,NA,FALSE
2018,Total,Andalusia,Total Birth Order,1030473.27,-0.111940693,0.742,0,NA,140,NA,FALSE
2018,Total,Andalusia,Total Birth Order,1106715.99,-0.003078219,0.23,0,NA,104,NA,FALSE
2018,Total,Basque Country,Total Birth Order,40913.12,0.172946115,8.72619e-4,1,1,430,NA,TRUE
2018,Total,Basque Country,Total Birth Order,110177.62,0.103908328,0.08122164,0,NA,362,NA,FALSE
2018,Total,Basque Country,Total Birth Order,179442.12,0.011126963,0.321561265,0,NA,242,NA,FALSE
2018,Total,Basque Country,Total Birth Order,248706.63,-0.054300929,0.489638699,0,NA,62,NA,FALSE
2018,Total,Basque Country,Total Birth Order,317971.13,0.026999966,0.305959391,0,NA,34,NA,FALSE
2018,Total,Basque Country,Total Birth Order,387235.63,-0.003563256,0.40633477,0,NA,68,NA,FALSE
2018,Total,Basque Country,Total Birth Order,456500.14,-0.002204139,0.421873389,0,NA,86,NA,FALSE
2018,Total,Basque Country,Total Birth Order,525764.64,-0.025888308,0.449003538,0,NA,48,NA,FALSE
2018,Total,Basque Country,Total Birth Order,595029.14,-0.133182987,0.79934411,0,NA,94,NA,FALSE
2018,Total,Basque Country,Total Birth Order,664293.65,-0.279343503,0.992326689,0,NA,168,NA,FALSE
2018,Total,Basque Country,Total Birth Order,733558.15,-0.16705719,0.963068681,0,NA,368,NA,FALSE
2018,Total,Basque Country,Total Birth Order,802822.65,-0.101134581,0.808267899,0,NA,294,NA,FALSE
2018,Total,Galicia,Total Birth Order,55721.64,0.225212803,0,1,1,994,NA,TRUE
2018,Total,Galicia,Total Birth Order,158811.78,0.07495627,0.099,0,NA,578,NA,FALSE
2018,Total,Galicia,Total Birth Order,261901.92,-0.052787289,0.78,0,NA,962,NA,FALSE
2018,Total,Galicia,Total Birth Order,364992.06,-0.078169201,0.849,0,NA,750,NA,FALSE
2018,Total,Galicia,Total Birth Order,468082.2,-0.038375494,0.684,0,NA,1056,NA,FALSE
2018,Total,Galicia,Total Birth Order,571172.34,-0.029453939,0.646,0,NA,1082,NA,FALSE
2018,Total,Galicia,Total Birth Order,674262.47,-0.089519952,0.915,0,NA,692,NA,FALSE
2018,Total,Galicia,Total Birth Order,777352.61,-0.15499387,0.985,0,NA,626,NA,FALSE
2018,Total,Galicia,Total Birth Order,880442.75,-0.020794758,0.43,0,NA,86,NA,FALSE
2018,Total,Galicia,Total Birth Order,983532.89,-0.016268365,0.427,0,NA,128,NA,FALSE
2018,Total,Galicia,Total Birth Order,1086623.03,-9.93089e-4,0.371,0,NA,96,NA,FALSE
2018,Total,Galicia,Total Birth Order,1189713.16,-0.289463081,0.926,0,NA,70,NA,FALSE
2018,Total,Galicia,Total Birth Order,1292803.3,-0.302682764,0.823,0,NA,20,NA,FALSE
2018,Total,Urban Madrid,Total Birth Order,42405.59,-0.091558959,0.8398825,0,NA,484,NA,FALSE
2018,Total,Urban Madrid,Total Birth Order,113439.9,-0.083682456,0.6973511,0,NA,178,NA,FALSE
2018,Total,Urban Madrid,Total Birth Order,184474.22,0.007662758,0.3446153,0,NA,366,NA,FALSE
2018,Total,Urban Madrid,Total Birth Order,255508.54,0.005717181,0.3844957,0,NA,250,NA,FALSE
2018,Total,Urban Madrid,Total Birth Order,326542.85,-0.036055758,0.5978637,0,NA,330,NA,FALSE
2018,Total,Urban Madrid,Total Birth Order,397577.17,-0.030833799,0.5900523,0,NA,468,NA,FALSE
2018,Total,Urban Madrid,Total Birth Order,468611.49,0.006866652,0.3964874,0,NA,252,NA,FALSE
2018,Total,Urban Madrid,Total Birth Order,539645.81,-0.002477419,0.4135832,0,NA,174,NA,FALSE
2018,Total,Urban Madrid,Total Birth Order,610680.12,-0.124366315,0.8541731,0,NA,240,NA,FALSE
2018,Total,Urban Madrid,Total Birth Order,681714.44,-0.008487526,0.4371877,0,NA,368,NA,FALSE
2018,Total,Urban Madrid,Total Birth Order,752748.76,0.04344308,0.163752,0,NA,442,NA,FALSE
2018,Total,Urban Madrid,Total Birth Order,823783.07,-0.023421971,0.4126969,0,NA,108,NA,FALSE
2018,Total,Extremadura,Total Birth Order,22529.14273,0.0295013,0.28007397,0,NA,414,NA,FALSE
2018,Total,Extremadura,Total Birth Order,43508.75059,0.54149807,0.07898715,0,NA,4,NA,FALSE
2018,Total,Extremadura,Total Birth Order,64488.35845,0.06737655,0.26547099,0,NA,48,NA,FALSE
2018,Total,Extremadura,Total Birth Order,85467.96631,-0.09267494,0.78529832,0,NA,210,NA,FALSE
2018,Total,Extremadura,Total Birth Order,106447.5742,0.16415799,0.0623334,0,NA,76,NA,FALSE
2018,Total,Extremadura,Total Birth Order,127427.182,-0.46919739,0.96090871,0,NA,40,NA,FALSE
2018,Total,Extremadura,Total Birth Order,148406.7899,-0.02545761,0.45449095,0,NA,74,NA,FALSE
2018,Total,Extremadura,Total Birth Order,169386.3977,-0.01737767,0.46403254,0,NA,244,NA,FALSE
2018,Total,Extremadura,Total Birth Order,190366.0056,0.24912599,0.12937814,0,NA,18,NA,FALSE
2018,Total,Extremadura,Total Birth Order,211345.6135,-0.07525124,0.66964719,0,NA,216,NA,FALSE
2018,Total,Extremadura,Total Birth Order,232325.2213,0.04309678,0.15726807,0,NA,216,NA,FALSE
2018,Total,Valencian Comm.,Total Birth Order,46906.8,0.046088735,0.1000501,0,NA,1440,NA,FALSE
2018,Total,Valencian Comm.,Total Birth Order,130205.6,-0.030183749,0.6270363,0,NA,620,NA,FALSE
2018,Total,Valencian Comm.,Total Birth Order,213504.3,0.014001005,0.3410593,0,NA,538,NA,FALSE
2018,Total,Valencian Comm.,Total Birth Order,296803.1,0.008428501,0.3606927,0,NA,928,NA,FALSE
2018,Total,Valencian Comm.,Total Birth Order,380101.9,-0.036245171,0.710283,0,NA,1180,NA,FALSE
2018,Total,Valencian Comm.,Total Birth Order,463400.6,0.012331971,0.335819,0,NA,1218,NA,FALSE
2018,Total,Valencian Comm.,Total Birth Order,546699.4,-0.035820104,0.6950726,0,NA,1078,NA,FALSE
2018,Total,Valencian Comm.,Total Birth Order,629998.2,-0.061535459,0.8086761,0,NA,790,NA,FALSE
2018,Total,Valencian Comm.,Total Birth Order,713296.9,-0.045190838,0.6167409,0,NA,222,NA,FALSE
2018,Total,Valencian Comm.,Total Birth Order,796595.7,0.019713613,0.2957786,0,NA,852,NA,FALSE
2018,Total,Valencian Comm.,Total Birth Order,879894.5,-0.072806248,0.8787986,0,NA,940,NA,FALSE
2018,Total,Valencian Comm.,Total Birth Order,963193.2,-0.040286377,0.4647116,0,NA,34,NA,FALSE
2018,Total,Valencian Comm.,Total Birth Order,1046492,-0.10592052,0.6095451,0,NA,52,NA,FALSE
2018,Total,Valencian Comm.,Total Birth Order,1129790.7,-0.028902949,0.3842636,0,NA,208,NA,FALSE
2018,Total,Catalonia,Total Birth Order,41361.71,0.011027829,0.3303,0,NA,1572,NA,FALSE
2018,Total,Catalonia,Total Birth Order,117113.85,-0.10025407,0.941,0,NA,680,NA,FALSE
2018,Total,Catalonia,Total Birth Order,192865.99,-0.08999627,0.9101,0,NA,696,NA,FALSE
2018,Total,Catalonia,Total Birth Order,268618.13,0.038681966,0.1366,0,NA,1728,NA,FALSE
2018,Total,Catalonia,Total Birth Order,344370.27,0.009098088,0.3091,0,NA,2120,NA,FALSE
2018,Total,Catalonia,Total Birth Order,420122.42,-0.033844131,0.7507,0,NA,1706,NA,FALSE
2018,Total,Catalonia,Total Birth Order,495874.56,0.016975185,0.2715,0,NA,1292,NA,FALSE
2018,Total,Catalonia,Total Birth Order,571626.7,0.033552016,0.1661,0,NA,1578,NA,FALSE
2018,Total,Catalonia,Total Birth Order,647378.84,0.039401373,0.1953,0,NA,712,NA,FALSE
2018,Total,Catalonia,Total Birth Order,723130.98,-0.086744468,0.9008,0,NA,686,NA,FALSE
2018,Total,Catalonia,Total Birth Order,798883.13,-0.03940953,0.6973,0,NA,828,NA,FALSE
2018,Total,Catalonia,Total Birth Order,874635.27,0.034754051,0.1884,0,NA,552,NA,FALSE
2018,Total,Catalonia,Total Birth Order,950387.41,0.026180543,0.2552,0,NA,322,NA,FALSE
2018,Total,Catalonia,Total Birth Order,1026139.55,-0.171073843,0.6895,0,NA,48,NA,FALSE
2018,Total,Castile La Mancha,Total Birth Order,33308.08,0.4107456,0,1,1,484,NA,TRUE
2018,Total,Castile La Mancha,Total Birth Order,95853.07,0.1465486,0.0425,1,1,312,NA,TRUE
2018,Total,Castile La Mancha,Total Birth Order,158398.07,0.1502235,0.037,1,1,230,NA,TRUE
2018,Total,Castile La Mancha,Total Birth Order,220943.06,0.1175939,0.1271,0,NA,130,NA,FALSE
2018,Total,Castile La Mancha,Total Birth Order,283488.05,-0.1303122,0.894,0,NA,264,NA,FALSE
2018,Total,Castile La Mancha,Total Birth Order,346033.05,0.1289267,0.0363,1,1,366,NA,TRUE
2018,Total,Castile La Mancha,Total Birth Order,408578.04,-0.1282283,0.9407,0,NA,396,NA,FALSE
2018,Total,Castile La Mancha,Total Birth Order,471123.03,-0.1232915,0.9208,0,NA,432,NA,FALSE
2018,Total,Castile La Mancha,Total Birth Order,533668.03,-0.2343165,0.996,0,NA,340,NA,FALSE
2018,Total,Castile La Mancha,Total Birth Order,596213.02,-0.4280432,0.9998,0,NA,150,NA,FALSE
2018,Total,Castile La Mancha,Total Birth Order,658758.01,-0.1211704,0.9142,0,NA,288,NA,FALSE
2018,Total,Castile La Mancha,Total Birth Order,721303.01,-0.5281382,0.9776,0,NA,30,NA,FALSE
2018,Total,Castile and Leon,Total Birth Order,56345.05,0.069082993,0.1087,0,NA,606,NA,FALSE
2018,Total,Castile and Leon,Total Birth Order,161870.19,-0.234177304,0.9992,0,NA,704,NA,FALSE
2018,Total,Castile and Leon,Total Birth Order,267395.33,0.02772236,0.2795,0,NA,514,NA,FALSE
2018,Total,Castile and Leon,Total Birth Order,372920.47,0.020810325,0.2932,0,NA,514,NA,FALSE
2018,Total,Castile and Leon,Total Birth Order,478445.61,0.032540773,0.2238,0,NA,576,NA,FALSE
2018,Total,Castile and Leon,Total Birth Order,583970.75,-0.008768766,0.4677,0,NA,684,NA,FALSE
2018,Total,Castile and Leon,Total Birth Order,689495.9,-0.018794258,0.5364,0,NA,956,NA,FALSE
2018,Total,Castile and Leon,Total Birth Order,795021.04,-0.02995077,0.6178,0,NA,672,NA,FALSE
2018,Total,Castile and Leon,Total Birth Order,900546.18,0.064044229,0.1688,0,NA,250,NA,FALSE
2018,Total,Castile and Leon,Total Birth Order,1006071.32,-0.077584303,0.6712,0,NA,108,NA,FALSE
2018,Total,Castile and Leon,Total Birth Order,1111596.46,-0.253110982,0.8311,0,NA,30,NA,FALSE
2018,Total,Castile and Leon,Total Birth Order,1217121.6,0.006397782,0.3571,0,NA,56,NA,FALSE
2018,Total,Castile and Leon,Total Birth Order,1322646.74,0.063055497,0.1769,0,NA,30,NA,FALSE
2018,Total,Canary Islands,Total Birth Order,61037.60025,0.09,0.12,0,NA,NA,NA,FALSE
2018,Total,Canary Islands,Total Birth Order,99643.23369,0.06,0.178,0,NA,NA,NA,FALSE
2018,Total,Canary Islands,Total Birth Order,138248.8671,0.038,0.22,0,NA,NA,NA,FALSE
2018,Total,Canary Islands,Total Birth Order,176854.5006,-0.019,0.44,0,NA,NA,NA,FALSE
2018,Total,Canary Islands,Total Birth Order,215460.134,-0.006,0.37,0,NA,NA,NA,FALSE
2018,Total,Canary Islands,Total Birth Order,254065.7675,-0.004,0.38,0,NA,NA,NA,FALSE
2018,Total,Canary Islands,Total Birth Order,292671.4009,-0.004,0.36,0,NA,NA,NA,FALSE
2018,Total,Canary Islands,Total Birth Order,331277.0343,-0.004,0.36,0,NA,NA,NA,FALSE
2018,Total,Canary Islands,Total Birth Order,369882.6678,-0.006,0.29,0,NA,NA,NA,FALSE
2018,Total,Canary Islands,Total Birth Order,408488.3012,0.12,0.23,0,NA,NA,NA,FALSE
